Title,Director,Cast,Genre
*36 China Town*,Abbas-Mustan,"Kareena Kapoor, Shahid Kapoor, Upen Patel, Akshaye Khanna, Tanushree Dutta, Isha 
Koppikar, Priyanka Chopra, Johny Lever, Paresh Rawal, Payal Rohatgi","Thriller, Mystery"
*Aap Ki Khatir*,Dharmesh Darshan,"Sunil Shetty, Akshaye Khanna, Dino Morea, Amisha Patel, Priyanka Chopra","Comedy, Romance, Social"
*Aatma*,Deepak Ramsay,"Kapil Jhaveri, Neha",Horror
*Adharm*,,"Rahul Dev, Sonali Kulkarni",
*Ahista Ahista*,,"Abhay Deol, Soha Ali Khan","Drama, Romance"
*Aisa Kyon Hota Hai*,,"Rati Agnihotri, Amit",
*Aksar*,Anant Mahadevan,"Emraan Hashmi, Dino Morea, Udita Goswami, Tara Sharma",Thriller
*Alag*,Ashu Trikha,"Dia Mirza, Akshay Kapoor",Drama
*Anjaan*,,"Mahek Chahal, Vipul Gupta, Aamir Ali Malik",
*Ankahee*,Vikram Bhatt,"Aftab Shivdasani, Amisha Patel, Esha Deol, Hrishita Bhatt","Drama, Romance, Thriller, Social, Crime"
*Anthony Kaun Hai?*,,"Sanjay Dutt, Arshad Warsi, Minissha Lamba, Anusha Dhandekar, Gulshan Grover","Comedy, Thriller"
*Aparichit*,S. Shankar,"Vikram, Sadha, Prakash Raj, Yana Gupta",Thriller
*Apna Sapna Money Money*,Sangeeth Sivan,"Sunil Shetty, Ritesh Deshmukh, Shreyas Talpade, Celina Jaitley, Anupam Kher, 
Koena Mitra, Chunky Pandey, Riya Sen, Jackie Shroff, Rajpal Yadav",Comedy
*Aryan - Unbreakable*,Abhishek Kapoor,"Sohail Khan, Sneha Ullal, Fardeen Khan","Action, Sports, Romance"
*Baabul*,Ravi Chopra,"Amitabh Bachchan, Hema Malini, Salman Khan, John Abraham, Rani Mukerji","Drama, Romance, Family"
*Banaras: A Mystic Love Story*,Pankaj Parashar,"Urmila Matondkar, Dimple Kapadia, Ashmit Patel, Naseeruddin Shah, Raj Babbar",
*Bas Ek Pal*,,"Juhi Chawla, Urmila Matondkar, Jimmy Shergill, Sanjay Suri",
*Being Cyrus*,,"Saif Ali Khan, Dimple Kapadia, Boman Irani, Naseeruddin Shah",Drama
*Bhagam Bhag*,Priyadarshan,"Akshay Kumar, Govinda (actor), Paresh Rawal, Lara Dutta, Arbaaz Khan, Jackie 
Shroff, Rajpal Yadav, Tanushree Dutta, Shakti Kapoor",Comedy
*Bhoot Unkle*,,Jackie Shroff,Comedy
*Chand Ke Paar Chalo*,,"Preeti Jhangiani, Sanjay Narvekar",
*Chingaari*,Kalpana Lajmi,"Sushmita Sen, Mithun Chakraborty, Sanjay Suri",Drama
*Chup Chup Ke*,Priyadarshan,"Kareena Kapoor, Shahid Kapoor, Neha Dhupia, Rajpal Yadav, Sunil Shetty, Paresh 
Rawal, Anupam Kher",Comedy
*Corporate*,Madhur Bhandarkar,"Bipasha Basu, Kay Kay Menon, Minissha Lamba","Drama, Thriller, Business"
*Darna Zaroori Hai*,Ram Gopal Varma and Sajid Khan,"Amitabh Bachchan, Sunil Shetty, Bipasha Basu, Anil Kapoor, Arjun Rampal, Ritesh 
Deshmukh, Mallika Sherawat, Randeep Hooda, Rajpal Yadav, Sonali Kulkarni, Nisha 
Kothari",Horror
*Darwaaza Bandh Rakho*,,"Aftab Shivdasani, Manisha Koirala","Comedy, Crime"
*Deadline: Sirf 24 Ghante*,,"Irrfan Khan, Konkona Sen Sharma",
*Devaki*,,"Ram Kapur, Perizaad Zorabian, Suman Ranganathan",Drama
*Dil Diya Hai*,Aaditya Datt,"Emraan Hashmi, Ashmit Patel, Geeta Basra",Thriller
*Dharti Kahe Pukar Ke*,Aslam Sheikh,"Ajay Devgan, Manoj Tiwari, Sharbani Mukherjee",Drama
*Dhoom 2*,Sanjay Gadhvi,"Abhishek Bachchan, Hrithik Roshan, Aishwarya Rai, Bipasha Basu, Uday Chopra, 
Rimi Sen","Thriller, Action, Romance, Musical"
*Don: The Chase Begins Again*,Farhan Akhtar,"Shah Rukh Khan, Arjun Rampal, Priyanka Chopra, Kareena Kapoor, Boman Irani, Om 
Puri","Thriller, Action, Drama"
*Dor*,,"Ayesha Takia, Gul Panag, Shreyas Talpade","Drama, Social"
*Dulha Babu*,,,
*Eight: The Power of Shani*,,"Raj Tara, Gulshan Grover",
*Ek Main Ek Tum*,,,
*Family — Ties of Blood*,,"Amitabh Bachchan, Akshay Kumar, Bhumika Chawla","Drama, Thriller"
*Fanaa*,Kunal Kohli,"Kajol, Aamir Khan, Tabu, Kiron Kher, Rishi Kapoor, Shiney Ahuja, Lara Dutta","Drama, Romance, Action, Musical"
*Fight Club – Members Only*,Vikram Chopra,"Sunil Shetty, Ritesh Deshmukh, Zayed Khan, Sohail Khan, Aashish Chaudhary, Yash 
Tonk, Ashmit Patel, Rahul Dev, Dino Morea, Diya Mirza, Neha Dhupia, Amrita 
Arora","Action, Thriller"
*Gangster*,,"Emraan Hashmi, Kangana Ranaut, Shiney Ahuja","Drama, Romance, Thriller"
*Golmaal: Fun Unlimited*,Rohit Shetty,"Ajay Devgan, Tusshar Kapoor, Sharman Joshi, Paresh Rawal, Rimi Sen, Arshad 
Warsi",Comedy
*Haseena*,,,
*Holiday*,Pooja Bhatt,"Dino Morea, Onjolee Nair, Kashmira Shah",Romance
*Humko Deewana Kar Gaye*,Raj Kanwar,"Akshay Kumar, Katrina Kaif, Bipasha Basu, Anil Kapoor","Romance, Drama, Musical"
*Humko Tumse Pyaar Hai*,,"Bobby Deol, Amisha Patel, Arjun Rampal","Drama, Romance"
*Iqraar By Chance*,K. Ravi Shankar,"Shilpa Anand, Amarjeet Shukla, Rahul Dev, Arbaaz Khan","Action, Drama"
*I See You*,,"Arjun Rampal, Vipasha Agarwal, Sonali Kulkarni, Chunky Pandey, Boman Irani, Kiron 
Kher","Drama, Romance, Social"
*Jaadu Sa Chal Gaya*,,,
*Jaana - Let's Fall In Love*,,"Rajesh Khanna, Zeenat Aman",
*Jaan-E-Mann*,Shirish Kunder,"Salman Khan, Akshay Kumar, Preity Zinta, Anupam Kher","Drama, Romance, Musical, Comedy"
*Jawani Diwani*,,"Emraan Hashmi, Hrishita Bhatt, Celina Jaitley, Sherlyn Chopra","Comedy, Adult"
*Jigyaasa*,Faisal Saif,"Hrishita Bhatt, Varsha Usgaonkar, Mukesh Tiwari, Milind Gunaji, Jaya 
Bhattacharya, Kader Khan","Social, Adult"
*Kabul Express*,Kabir Khan,"John Abraham, Arshad Warsi","Drama, Thriller"
*Kabhi Alvida Naa Kehna*,Karan Johar,"Amitabh Bachchan, Shahrukh Khan, Abhishek Bachchan, Rani Mukerji, Preity 
Zinta, Kirron Kher","Romance, Drama, Musical, Comedy, Family, Social"
*Khosla Ka Ghosla*,,"Anupam Kher, Boman Irani",Comedy
*Krishna*,,"Sonu Nigam, Sunidhi Chauhan",
*Krrish*,Rakesh Roshan,"Rekha, Hrithik Roshan, Priyanka Chopra, Preity Zinta, Naseeruddin Shah, Sharat 
Saxena","Action, Fantasy, Romance, Musical"
*Lady Chatterjee - Sawan Dutta*,,,
*Lage Raho Munna Bhai*,Rajkumar Hirani,"Sanjay Dutt, Arshad Warsi, Vidya Balan, Boman Irani, Jimmy Shergill, Diya 
Mirza, Abhishek Bachchan","Comedy, Social"
*Love Ke Chakkar Mein*,B.H Tharunkumar,"Akshat Bhatia, Rishi Kapoor, Namitha, Satish Shah","Romance, Comedy"
*Madhubaala*,,,
*Malamaal Weekly*,,"Paresh Rawal, Om Puri, Ritesh Deshmukh, Reema Sen, Arbaaz Khan, Shakti 
Kapoor, Asrani",Comedy
*Mere Jeevan Saathi*,Suneel Darshan,"Akshay Kumar, Karisma Kapoor, Amisha Patel","Drama, Romance"
*Meri Jung*,,,
*Mirza Sahiba*,,,
*Mobile Phone*,,,
*Mr 100% - The Real Player*,,,
*Naksha*,,"Sunny Deol, Vivek Oberoi, Sameera Reddy, Jackie Shroff","Thriller, Fantasy"
*Nazar*,Soni Razdan,"Meera, Ashmit Patel",
*Omkara*,Vishal Bhardwaj,"Ajay Devgan, Kareena Kapoor, Saif Ali Khan, Vivek Oberoi, Konkona Sen Sharma, 
Bipasha Basu, Naseeruddin Shah","Drama, Social, Action"
*Phir Hera Pheri*,Neeraj Vora,"Sunil Shetty, Akshay Kumar, Paresh Rawal, Bipasha Basu, Rimi Sen",Comedy
*Prateeksha*,,"Jimmy Shergill, Dia Mirza",
*Pyaar Ke Side Effects*,Saket Chaudhary,"Rahul Bose, Mallika Sherawat","Comedy, Romance"
*Pyare Mohan*,,"Vivek Oberoi, Fardeen Khan, Esha Deol, Amrita Rao, Boman Irani",Comedy
*Rafta Rafta*,,,
*Rang De Basanti*,Rakeysh Omprakash Mehra,"Aamir Khan, Kunal Kapoor, Soha Ali Khan, Sharman Joshi, Atul Kulkarni, 
Madhavan, Alice Patten, Kirron Kher, Om Puri, Anupam Kher, Waheeda Rehman, Mohan 
Agashe","Drama, Patriotic"
*Rehguzar - The Road to Destiny*,,,
*Rocky – The Rebel*,,"Zayed Khan, Minissha Lamba, Isha Sharvani","Action, Romance"
*Saawan... The Love Season*,Saawan Kumar Tak,"Salman Khan, Saloni Aswani, Kapil Jhaveri, Johny Lever","Drama, Romance"
*Sacred Evil – A True Story*,,Sarika,"Horror, Thriller"
*Salaam Bacche*,,,
*Sandwich*,Anees Bazmee,"Govinda, Raveena Tandon, Mahima Chaudhary",Comedy
*Shaadi Karke Phas Gaya Yaar*,K.S. Adiyaman,"Salman Khan, Shilpa Shetty","Drama, Romance"
*Shaadi Se Pehle*,Satish Kaushik,"Akshaye Khanna, Ayesha Takia, Mallika Sherawat, Sunil Shetty, Aftab 
Shivdasani, Anupam Kher","Comedy, Romance"
*Shikhar*,,"Ajay Devgan, Bipasha Basu, Shahid Kapoor, Amrita Rao",Drama
*Shiva*,,Nisha Kothari,
*Souten: The Other Woman*,,"Gulshan Grover, Mahima Chaudhry",Drama
*Strings - Bound By Faith*,,,
*Sun Zara*,,,
*Tathastu*,Anubhav Sinha,"Sanjay Dutt, Amisha Patel","Drama, Family"
*Taxi No. 9211*,,"John Abraham, Nana Patekar, Sameera Reddy, Sonali Kulkarni","Social, Thriller"
*Teesri Aankh: The Hidden Camera*,,"Sunny Deol, Amisha Patel, Neha Dhupia","Action, Thriller"
*The Killer*,,"Irrfan Khan, Emraan Hashmi, Nisha Kothari",
*The Real Dream Girls*,Suresh Jain,"Gulshan Rana, Tanveer Hashmi, Karishma, Dipti Verma",B-grade
*Tom Dick And Harry*,Deepak Tijori,"Jimmy Shergill, Dino Morea, Anuj Sawhney Celina Jaitley, Kim Sharma",Comedy
*Umar*,,,
*Umrao Jaan*,J.P. Dutta,"Shabana Azmi, Aishwarya Rai, Abhishek Bachchan, Sunil Shetty, Divya Dutta","Drama, Romance, Social"
*Unns...Means Love*,,,
*Utthaan*,,"Priyanshu Chatterjee, Neha Dhupia",
*Vivah*,Sooraj Barjatya,"Shahid Kapoor, Amrita Rao, Anupam Kher","Romance, Drama"
*Waris Shah: Ishq Daa Waaris*,Manoj Punj,"Gurdas Mann, Juhi Chawla, Divya Dutta",
*Woh Lamhe*,,"Shiney Ahuja, Kangana Ranaut","Drama, Romance"
*Yun Hota Toh Kya Hota*,,"Ayesha Takia, Konkona Sen Sharma, Paresh Rawal",Drama
*Zinda*,Sanjay Gupta,"Sanjay Dutt, John Abraham, Lara Dutta, Celina Jaitley",Thriller
*Zindaggi Rocks*,Tanuja Chandra,"Sushmita Sen, Shiny Ahuja",Drama
*7½ Phere*,Ishaan Trvedi,"Juhi Chawla, Irfan Khan",Comedy
*Aashiq Banaya Aapne*,,"Emraan Hashmi, Tanushree Dutta, Sonu Sood","Romance, Drama"
*American Daylight*,Roger Christian,"Nick Moran, Koel Purie, Vijay Raaz, Gulshan Grover","Comedy, Drama, Romance"
*Anjaane*,,"Manisha Koirala, Sanjay Kapoor",Thriller
*Antarmahal*,,"Jackie Shroff, Soha Ali Khan, Abhishek Bachchan, Raima Sen","Drama, Romance"
*Apaharan*,,"Ajay Devgan, Bipasha Basu, Nana Patekar",Drama
*Bachke Rehna Re Baba*,,"Rekha, Mallika Sherawat, Paresh Rawal, Karan Khanna, Satish Shah",Comedy
*Bad Friend*,Aditya Om,"Meghna Naidu, Aditya Om, Shweta Menon",Thriller
*Barsaat*,Suneel Darshan,"Bobby Deol, Bipasha Basu, Priyanka Chopra","Romance, Drama, Family"
*Bewafaa*,Dharmesh Darshan,"Akshay Kumar, Sushmita Sen, Kareena Kapoor, Shamita Shetty, Anil Kapoor, Manoj 
Bajpai",Drama
*Bhaggmati*,Ashok Kaul,"Hema Malini Milind Soman, Tabu Ashok Kaul",Romance
*Bhola In Bollywood*,Sumbul Gazi,"Ali Asgar, Siraj Khan, Avtar Gill, Raj Babbar",Comedy
*Black*,Sanjay Leela Bhansali,"Amitabh Bachchan, Rani Mukerji",Drama
*Black Friday*,,"Kay Kay Menon, Pavan Malhotra",Drama
*Blackmail*,Anil Devgan,"Sunil Shetty, Ajay Devgan, Priyanka Chopra, Dia Mirza","Thriller, Drama"
*Bluffmaster!*,,"Abhishek Bachchan, Priyanka Chopra, Nana Patekar, Riteish Deshmukh, Boman 
Irani",Comedy
*Brides Wanted*,,"Anuj Sawhney, Sarah-Jane Dias, Waheeda Rehman, Girish Karnad",Comedy
*Bullet Ek Dhamaka*,,"Iqbal Khan, Asseem Merchant, Asad Sikandar, Saadhika",Action
*Bunty Aur Babli*,Shaad Ali,"Amitabh Bachchan, Abhishek Bachchan, Rani Mukerji","Comedy, Crime"
*Chaahat – Ek Nasha*,Jai Prakash,"Manisha Koirala, Aryan Vaid, Preeti Jhangiani",Romance
*Chand Sa Roshan Chehra*,,"Samir Aftab, Tamanna Bhatia",Romance
*Chausar*,Sagar Sarhadi,,
*Chehraa*,,"Bipasha Basu, Dino Morea, Preeti Jhangiani, Irrfan Khan",Thriller
*Chetna*,,"Jatin Grewal, Payal Rohatgi, Navneet Kaur",Erotic Drama
*Chocolate*,Vivek Agnihotri,"Sunil Shetty, Anil Kapoor, Tanushree Dutta, Arshad Warsi, Emraan Hashmi, Irrfan 
Khan, Sushama Reddy","Action, Thriller, Suspense"
*Chor Mandi*,,"Mukul Dev, Razzak Khan, Shweta Keswani",Comedy
*Classic - Dance Of Love*,Babbar Subhash,"Mithun Chakraborty, Meghna Naidu, Vikas Bhardwaj",Erotic Thriller
*D*,Ram Gopal Varma,"Randeep Hooda, Chunky Pandey, Isha Koppikar","Crime, Drama"
*Dansh*,,"Kay Kay Menon, Sonali Kulkarni",Drama
*Deewane Huye Paagal*,Vikram Bhatt,"Akshay Kumar, Sunil Shetty, Shahid Kapoor, Rimi Sen",Romantic Comedy
*Dil Jo Bhi Kahey...*,,"Amitabh Bachchan, Bhumika Chawla, Karan Sharma, Revathi",Family drama
*Dosti: Friends Forever*,,"Akshay Kumar, Bobby Deol, Lara Dutta, Kareena Kapoor, Juhi Chawla","Drama, Romance"
*Double Cross - Ek Dhoka*,,"Sahil Khan, Negar Khan, Ayesha Jhulka",
*Dreams*,,"Aashish Chanana, Neha Pendse, Arzoo Govitrikar, Manoj Bidwani",
*Dus*,Nitin Manmohan,"Sunil Shetty, Sanjay Dutt, Shilpa Shetty, Esha Deol, Zayed Khan, Abhishek 
Bachchan, Dia Mirza, Raima Sen, Gulshan Grover","Action, Thriller"
*Ek Ajnabee*,Apoorva Lakhia,"Amitabh Bachchan, Arjun Rampal, Perizaad Zorabian",Thriller
*Ek Khiladi Ek Haseena*,,"Fardeen Khan, Koena Mitra, Kay Kay Menon",Thriller
*Elaan*,,"Arjun Rampal, Ameesha Patel, Mithun Chakraborty, John Abraham, Lara Dutta","Action, Drama"
*Fareb*,Deepak Tijori,"Shilpa Shetty, Manoj Bajpai, Shamita Shetty",Thriller
*Fun – Can Be Dangerous Sometimes*,,"Aryan Vaid, Hina Rehman, Siddharth Koirala, Payal Rohatgi",Erotic Drama
*Garam Masala*,Priyadarshan,"Akshay Kumar, John Abraham, Rimi Sen, Neha Dhupia",Comedy
*Hanuman*,,,
*Hazaaron Khwaishein Aisi*,Sudhir Mishra,"Shiney Ahuja, Chitrangada Singh, Kay Kay Menon",Drama
*Home Delivery*,Sujoy Ghosh,"Vivek Oberoi, Mahima Chaudhry, Ayesha Takia",Comedy
*Hum Dum*,Kushan Nandy,"Anjana Sukhani, Romit Raaj",Romance
*Insan*,K. Subash,"Akshay Kumar, Ajay Devgan, Lara Dutta, Esha Deol, Tusshar Kapoor, Koena 
Mitra, Rahul Dev","Action, Thriller"
*Iqbal*,Nagesh Kukunur,"Shreyas Talpade, Naseeruddin Shah",Sports drama
*Jaane Hoga Kya*,,"Bipasha Basu, Aftab Shivdasani, Rahul Dev, Preeti Jhangiani, Paresh Rawal","Suspense, Thriller"
*Jackpot*,,"Meghna Naidu, Himanshu Malik","Erotic, Crime"
*Jai Chiranjeeva*,K. Vijaya Bhaskar,"Arbaaz Khan, Sameera Reddy, Bhumika Chawla, Rahul Dev, Shriya Sharma",Drama
*Jalwa - Fun in Love*,,"Kiran Janjani, Monalisa, Viraaj, Neha Bhatt",Erotic romance
*James*,,"Mohit Ahlawat, Nisha Kothari",Action
*Jo Bole So Nihaal*,,"Sunny Deol, Kamaal Khan, Shillpi Sharma","Action, Comedy"
*Jurm*,Vikram Bhatt,"Bobby Deol, Milind Soman, Lara Dutta",Thriller
*Kaal*,Soham Shah,"Ajay Devgan, Vivek Oberoi, John Abraham, Lara Dutta, Esha Deol","Horror, Thriller"
*Kalyug*,,"Kunal Khemu, Amrita Singh, Emraan Hashmi",Drama
*Karam*,,"John Abraham, Priyanka Chopra, Shiney Ahuja",Thriller
*Kasak*,,"Lucky Ali, Meera",
*Khamossh: Khauff Ki Raat*,,"Shilpa Shetty, Juhi Chawla,",Thriller
*Kisna: The Warrior Poet*,Subhash Ghai,"Vivek Oberoi, Isha Sharvani","Drama, Historical"
*Koi Aap Sa*,,"Aftab Shivdasani, Natassha, Himanshu Malik","Drama, Romance"
*Koi Mere Dil Mein Hai*,,"Priyanshu Chatterjee, Dia Mirza, Rakesh Bapat, Neha",
*Kuchh Meetha Ho Jaye*,,"Arshad Warsi, Mahima Chaudhry, Shah Rukh Khan","Comedy, Drama, Romance"
*Kyaa Kool Hai Hum*,,"Tusshar Kapoor, Riteish Deshmukh, Isha Koppikar, Neha Dhupia",Comedy
*Kyon Ki*,Priyadarshan,"Salman Khan, Kareena Kapoor, Rimi Sen, Jackie Shroff, Om Puri, Sunil Shetty","Drama, Romance"
*Lucky: No Time for Love*,,"Salman Khan, Mithun Chakraborty, Sneha Ullal",Romance
*Main Aisa Hi Hoon*,,"Ajay Devgan, Sushmita Sen, Esha Deol",Drama
"*Main, Meri Patni Aur Woh*",,"Rajpal Yadav, Rituparna Sen",
*Maine Gandhi Ko Nahin Mara*,Jahnu Barua,"Urmila Matondkar, Anupam Kher",Drama
*Maine Pyaar Kyun Kiya?*,,"Salman Khan, Sushmita Sen, Katrina Kaif, Sohail Khan, Arshad Warsi, Isha 
Koppikar",Comedy
*Mangal Pandey: The Rising*,Ketan Mehta,"Aamir Khan, Rani Mukerji, Ameesha Patel, Toby Stephens","Drama, Historical"
*Mashooka*,Afzal Ahmed,"Aditya Bal, Meghna Naidu",Erotic thriller
*Mazaa Mazaa*,,"Payal Rohatgi, Farid Amiri, Shivani Singh, Pankaj Beri",
*Men Not Allowed*,Shrey Srivastav,"Payal Rohatgi, Tarun Arora",Romance
*Mohabbat Ho Gayi Hai Tumse*,,"Sanjay Dutt, Shamita Shetty, Chandrachur Singh",
*Morning Raga*,,"Shabana Azmi, Perizaad Zorabian",
*Mr Ya Miss*,,"Antara Mali, Aftab Shivdasani, Riteish Deshmukh",Comedy
*Mr. Prime Minister*,Dev Anand,"Dev Anand, Prem Chopra, Milind Gunaji, A.K. Hangal",Drama
*Mumbai Xpress*,Singeetam Srinivasa Rao,"Kamal Haasan, Manisha Koirala, Om Puri, Vijay Raaz",
*Mumbai Godfather*,,"Seema Biswas, Vikram Singh",Drama
*My Brother…Nikhil*,,"Juhi Chawla, Sanjay Suri",Drama
*My Wife's Murder*,Jijy Philip,"Anil Kapoor, Suchitra Krishnamoorthi, Nandana Sen, Boman Irani","Drama, Thriller"
*Naina*,,Urmila Matondkar,Horror
*Neal 'n' Nikki*,Arjun Sablok,"Uday Chopra, Tanisha, Abhishek Bachchan","Comedy, Romance"
*Netaji Subhas Chandra Bose: The Forgotten Hero*,,"Sachin Khedekar, Kulbhushan Kharbanda, Rajit Kapur, Arif Zakaria, Divya 
Dutta",
*Nigehbaan*,,"Sameer Dharmadhikari, Sandali Sinha, Sayaji Shinde, Govind Namdev",
*No Entry*,,"Anil Kapoor, Salman Khan, Fardeen Khan, Bipasha Basu, Celina Jaitly, Esha 
Deol, Lara Dutta",Comedy
*Padmashree Laloo Prasad Yadav*,Mahesh Manjrekar,"Sunil Shetty, Mahesh Manjrekar, Kim Sharma, Gulshan Grover, Johnny Lever",Comedy
*Page 3*,Madhur Bhandarkar,"Konkona Sen Sharma, Atul Kulkarni, Tara Sharma, Sandhya Mridul",Drama
*Pehchaan: The Face of Truth*,Shrabani Deodhar,"Vinod Khanna, Raveena Tandon, Rati Agnihotri",Drama
*Paheli*,Amol Palekar,"Shah Rukh Khan, Rani Mukerji, Anupam Kher, Juhi Chawla, Sunil Shetty, Amitabh 
Bachchan, Rajpal Yadav, Naseeruddin Shah","Fantasy, Romance"
*Parineeta*,,"Sanjay Dutt, Saif Ali Khan, Vidya Balan, Dia Mirza, Raima Sen",Drama
*Pyaar Mein Twist*,,"Rishi Kapoor, Dimple Kapadia, Soha Ali Khan","Drama, Romance"
*Rahul's Arranged Marriage*,Anant Mathur,"Devika, Sumeet, Anurag, Anita, Abhishek, Jyoti, Amar",Comedy
*Ramji Londonwale*,,"Madhavan, Samita Bangargi",
*Revati*,,"Kashmira Shah, Kiran, Ayub Khan, Shreyas Talpade, Alok Nath",
*Rog*,Himanshu Brahmbhatt,"Irrfan Khan, Himanshu Malik, Ilene Hamann","Drama, Thriller"
*Rog*,Himanshu Brahmbhatt,,"Drama, Thriller"
*Saathi: The Companion*,,"Rupa Dutta, Divvij Kak, Anchal Anand, Sameer Ali Khan",
*Salaam Namaste*,Siddharth Anand,"Saif Ali Khan, Preity Zinta, Arshad Warsi, Abhishek Bachchan","Romance, Comedy"
*Sarkar*,Ram Gopal Varma,"Amitabh Bachchan, Abhishek Bachchan, Katrina Kaif, Tanisha","Crime, Drama"
*Sauda - The Deal*,,"Aryan Vaid, Preeti Jhangiani",
*Sehar*,,"Arshad Warsi, Mahima Chaudhry",
*Shaadi No. 1*,,"Fardeen Khan, Zayed Khan, Sharman Joshi, Esha Deol, Ayesha Takia, Soha Ali 
Khan, Sanjay Dutt, Rajpal Yadav, Riya Sen, Sophie Choudry, Aarti Chhabria","Comedy, Romance"
*Shabd*,,"Sanjay Dutt, Aishwarya Rai, Zayed Khan",Drama
*Shabnam Mausi*,,Ashutosh Rana,
*Sheesha*,,"Neha Dhupia, Sonu Sood",
*Silsiilay*,Khalid Mohamed,"Tabu, Bhumika Chawla, Riya Sen, Rahul Bose, Jimmy Shergill, Divya Dutta, Kay 
Kay Menon, Celina Jaitly, Natassha, Ashmit Patel",Romance
*Sitam*,,"Kiran Janjani, Tara Sharma, Navneet Kaur, Avtar Gill, Suhasini Mulay",
*Ssukh*,,"Govinda, Preeti Jhangiani",
*Taj Mahal: An Eternal Love Story*,,"Arbaaz Khan, Kabir Bedi, Manisha Koirala, Pooja Batra","History, Epic, Romance"
*Tango Charlie*,Mani Shankar,"Ajay Devgan, Bobby Deol, Tanisha, Nandana Sen, Sanjay Dutt, Sunil Shetty","War, Drama"
*Tezaab*,,"Mighty Khan, Parvin Dabas, Shruti Sharma",Erotic
*Time Pass*,,"Arjun Punj, Sherlyn Chopra",
*Topless*,,"Shweta Menon, Tarun Khanna, Sardar Sohi",
*U Bomsi N Me*,,"Bobby Bahal, Kenny Desai, Vivek Madan, Vidya Malvade",
*Vaada*,,"Arjun Rampal, Ameesha Patel, Zayed Khan",Thriller
*Vaah! Life Ho Toh Aisi!*,Mahesh Manjrekar,"Sanjay Dutt, Shahid Kapoor, Amrita Rao","Fantasy, Comedy"
*Vidyaarthi*,,"Jackie Shroff, Paresh Rawal, Rahul Roy",
*Viruddh... Family Comes First*,Mahesh Manjrekar,"Amitabh Bachchan, Sharmila Tagore, John Abraham, Anusha Dandekar, Sanjay 
Dutt",Drama
*Waqt: The Race Against Time*,Vipul Shah,"Amitabh Bachchan, Akshay Kumar, Shefali Shah, Priyanka Chopra, Boman Irani, Rajpal 
Yadav",Drama
*Yahaan*,,"Jimmy Shergill, Minissha Lamba",Romance
*Yakeen*,,"Arjun Rampal, Priyanka Chopra, Kim Sharma",Drama
*Zameer: The Fire Within*,,"Ajay Devgan, Ameesha Patel, Mahima Chaudhry",Drama
*Zeher*,,"Shamita Shetty, Emraan Hashmi, Udita Goswami",Drama
*99.9 FM*,Sanjay Bhatia,"Shawar Ali, Dipannita Sharma, Raima Sen","Comedy, Drama"
*Aabra Ka Daabra*,Dheeraj Kumar,"Hansika Motwani, Shweta Tiwari, Vishal Lalwani, Archana Puran Singh",Fantasy
*Aan: Men at Work*,Madhur Bhandarkar,"Akshay Kumar, Sunil Shetty, Lara Dutta, Raveena Tandon",Action
*Ab Bas*,Rajesh Kumar Singh,"Shawar Ali, Rohit Roy, Diana Hayden",Adult
*Ab Tumhare Hawale Watan Saathiyo*,Anil Sharma,"Amitabh Bachchan, Akshay Kumar, Bobby Deol, Divya Khosla Kumar","War, Drama"
*Aetbaar*,Vikram Bhatt,"Amitabh Bachchan, Bipasha Basu, John Abraham",Thriller
*Agnipankh*,Sanjeev Puri,"Jimmy Shergill, Rahul Dev, Divya Dutta, Shamita Shetty",
*Aitraaz*,Abbas-Mustan,"Priyanka Chopra, Akshay Kumar, Kareena Kapoor","Drama, Romance, Thriller"
*Asambhav*,Rajiv Rai,"Arjun Rampal, Priyanka Chopra","Mystery, Thriller"
*Banana Brothers*,Girija Shanker,"Johny Lever, Anupam Kher, Gulshan Grover, Gursewak Mann, Seema Rahmani",Comedy
Black Friday,Anurag Kashyap,"Kay Kay Menon, Pavan Malhotra, Aditya Srivastava, Imtiaz Ali, Pratima Kazmi, 
Zakir Hussain","Crime Fiction, Drama, Historical Drama"
*Bardaasht*,E. Jasir,"Bobby Deol, Lara Dutta, Ritesh Deshmukh, Rahul Dev","Action, Drama, Thriller"
*Chameli*,Sudhir Mishra,"Kareena Kapoor, Rahul Bose, Rinke Khanna",Drama
*Chand Bujh Gaya*,Sharique Minhaj,"Faizal Khan, Shama Sikander, Aliza",Romance
*Charas*,Tigmanshu Dhulia,"Jimmy Shergill, Irrfan Khan, Uday Chopra, Hrishita Bhatt, Namrata Shirodkar",Action
*Deewaar*,Milan Luthria,"Amitabh Bachchan, Sanjay Dutt, Akshaye Khanna, Kay Kay Menon, Amrita Rao",Drama
*Dev*,Govind Nihalani,"Amitabh Bachchan, Fardeen Khan, Kareena Kapoor, Rati Agnihotri, Om Puri, Amrish 
Puri",Drama
*Dhoom*,Sanjay Gadhvi,"Abhishek Bachchan, John Abraham, Uday Chopra, Esha Deol, Rimi Sen",Thriller
*Dil Bechara Pyaar Ka Maara*,Omkarnath Mishra,"Vikas Kalantri, Aslam Khan, Divya Palat, Rajpal Yadav, Mallika Kapoor",Comedy
*Dil Maange More*,Anant Mahadevan,"Shahid Kapoor, Ayesha Takia, Soha Ali Khan, Tulip Joshi",Romance
*Dil Ne Jise Apna Kahaa*,Atul Agnihotri,"Salman Khan, Preity Zinta, Bhoomika Chawla",Romance
*Dobara*,Shashi Ranjan,"Raveena Tandon, Jackie Shroff, Mahima Chaudhry",Drama
*Dukaan*,Iqbal Durrani,"Vikas Kalantri, Rambha, Rati Agnihotri",Adult Romance
*Ek Se Badhkar Ek*,Kundan Shah,"Sunil Shetty, Raveena Tandon, Isha Koppikar",Comedy
*Fida*,Ken Ghosh,"Fardeen Khan, Kareena Kapoor, Shahid Kapoor, Kim Sharma","Drama, Romance, Thriller"
*Flavours*,"Krishna D. K.
Raj Nidimoru","Anupam Mittal, Jicky Schnee, Pooja Kumar, Reef Karim",Drama
*Garv: Pride and Honour*,Puneet Issar,"Salman Khan, Shilpa Shetty, Arbaaz Khan",Drama
*Gayab*,Prawal Raman,"Tusshar Kapoor, Antara Mali, Raghubir Yadav","Fantasy, Thriller"
*Girlfriend*,Karan Razdan,"Amrita Arora, Isha Koppikar, Aashish Chaudhary","Drama, Romance"
*Green Card Fever*,Bala Rajasekharuni,"Deep Katdare, Purva Bedi, Vikram Dasu",Drama
*Gumnaam*,Neeraj Pathak,"Dino Morea, Mahima Chaudhry","Romance, Thriller"
*Hava Aney Dey*,Partho Sen-Gupta,"Nishikant Kamat, Tannishtha Chatterjee, Rajshree Thakur",Drama
*Hawas*,Karan Razdan,"Shawar Ali, Meghna Naidu, Tarun Arora",Adult Romance
*Hulchul*,Priyadarshan,"Akshaye Khanna, Kareena Kapoor, Arbaaz Khan, Sunil Shetty, Arshad Warsi, Jackie 
Shroff, Paresh Rawal, Amrish Puri","Comedy, Drama, Romance, Family, Crime"
*Hum Tum*,Kunal Kohli,"Saif Ali Khan, Rani Mukerji, Kirron Kher, Jimmy Shergill, Rishi Kapoor, Rati 
Agnihotri, Isha Koppikar, Abhishek Bachchan","Comedy, Romance"
*Hyderabad Blues 2*,Nagesh Kukunoor,"Tisca Chopra, Elahe Hiptoola, Jyoti Dogra, Vikram Inamdar, Anu Chengappa",Drama
*I - Proud To Be An Indian*,Puneet Issar,"Sohail Khan, Gulzar Inder Chahal, Puneet Issar, Tim Lawrence,",Action
*Insaaf: The Justice*,Shrey Srivastava,"Dino Morea, Namrata Shirodkar, Sanjay Suri, Henna, Rajpal Yadav",Action
*Inteqam: The Perfect Game*,Pankaj Parashar,"Nethra Raghuraman, Manoj Bajpai, Isha Koppikar",Action
*Ishq Hai Tumse*,G. Krishna,"Bipasha Basu, Dino Morea",Drama
*Julie*,Deepak Shivdasani,"Neha Dhupia, Yash Tonk, Sanjay Kapoor, Priyanshu Chatterjee",Adult Drama
*Kaun Hai Jo Sapno Mein Aaya*,Rajesh Bhatt,"Anupam Kher, Richa Pallod, Rakesh Bapat, Kader Khan",Romance
*Khakee*,Rajkumar Santoshi,"Amitabh Bachchan, Akshay Kumar, Ajay Devgan, Aishwarya Rai, Tusshar Kapoor, Atul 
Kulkarni","Action, Thriller"
*Khamosh Pani*,Sabiha Kumar,"Kirron Kher, Amar Ali Malik",Drama
*King of Bollywood*,Piyush Jha,"Om Puri, Sophie Dahl, Kavita Kapoor",Comedy
*Kis Kis Ki Kismat*,Govind Menon,"Dharmendra, Mallika Sherawat, Rati Agnihotri, Satish Shah",Comedy
*Kismat*,Guddu Dhanoa,"Priyanka Chopra, Bobby Deol",Thriller
*Kiss Kis Ko*,Sharad Sharan,"Karan Oberoi, Sudhanshu Pandey, Sherrin Varghese, Siddharth Haldipur, 
Chaitnya Bhosale",Adult Comedy
*Krishna Cottage*,Santram Varma,"Sohail Khan, Isha Koppikar, Natassha",Thriller
*Kyun...! Ho Gaya Na*,Samir Karnik,"Vivek Oberoi, Aishwarya Rai, Amitabh Bachchan, Sunil Shetty, Diya Mirza, Rati 
Agnihotri",Romance
*Lakeer - Forbidden Lines*,Ahmed Khan,"Sunil Shetty, Sunny Deol, Sohail Khan, John Abraham, Nauheed Cyrusi","Action, Drama, Romance"
*Lakshya*,Farhan Akhtar,"Hrithik Roshan, Preity Zinta, Sharad Kapoor, Amitabh Bachchan","War, Drama"
*Let's Enjoy*,"Ankur Tewari
Siddharth Anand Kumar","Shomendra Bose, Aashish Chaudhary, Roshni Chopra, Arzoo Govitrikar, Sahil 
Gupta, Dhruv Jagasiya",Adult Thriller
*Madhoshi*,Tanveer Khan,"Bipasha Basu, John Abraham, Priyanshu Chatterjee","Drama, Romance, Thriller"
*Main Hoon Na*,Farah Khan,"Shahrukh Khan, Sushmita Sen, Sunil Shetty, Amrita Rao, Zayed Khan, Kiron 
Kher, Naseeruddin Shah, Kabir Bedi, Satish Shah, Boman Irani, Bindu, Murli 
Sharma, Rakhi Sawant","Action, Musical"
*Maqbool*,Vishal Bhardwaj,"Tabu, Pankaj Kapoor, Irfan Khan, Moushumi Chatterjee, Om Puri",Mystery Drama
*Masti*,Indra Kumar,"Vivek Oberoi, Aftab Shivdasani, Lara Dutta, Ritesh Deshmukh, Ajay Devgan, Genelia 
D'souza, Tara Sharma, Amrita Rao, Rakhi Sawant",Comedy
*Meenaxi: A Tale of Three Cities*,M. F. Hussain,"Tabu, Kunal Kapoor, Rajpal Yadav, Nadira Babbar","Romance, Musical Drama"
*Meri Biwi Ka Jawab Nahin*,"S. M. Iqbal
Pankaj Parashar","Sridevi, Akshay Kumar","Action, Comedy, Romance"
*Mughal-e-Azam* (Colorized Version),K. Asif,"Dilip Kumar, Madhubala, Prithviraj Kapoor",Drama
*Mujhse Shaadi Karogi*,David Dhawan,"Salman Khan, Priyanka Chopra, Akshay Kumar","Comedy, Romance"
*Murder*,Anurag Basu,"Mallika Sherawat, Emraan Hashmi, Ashmit Patel",Thriller
*Musafir*,Sanjay Gupta,"Anil Kapoor, Sanjay Dutt, Sameera Reddy, Koena Mitra, Mahesh Manjrekar",Thriller
*Muskaan*,"Rohit Nayyar
Rohit Manash","Aftab Shivdasani, Gracy Singh, Kader Khan, Anupam Kher","Romance, Drama"
*Naach*,Ram Gopal Varma,"Antara Mali, Abhishek Bachchan, Ritesh Deshmukh",Drama
*Naam Gum Jaayega*,Amol Shetge,"Aryan Vaid, Rakesh Bapat, Dia Mirza, Divya Dutta",Romance
*Nothing But Life*,Rajiv Anchal,"R. Madhavan, Kaveri, Sreenivasan",Drama
*Paap*,Pooja Bhatt,"John Abraham, Udita Goswami",Drama
*Paisa Vasool*,Srinivas Bhashyam,"Manisha Koirala, Sushmita Sen, Sushant Singh, Tinu Anand, Rakhi Sawant, Makrand 
Deshpande",Black Comedy
*Phir Milenge*,Revathy,"Shilpa Shetty, Salman Khan, Abhishek Bachchan",Drama
*Plan*,Hriday Shetty,"Sanjay Dutt, Priyanka Chopra, Dino Morea, Sanjay Suri, Riya Sen, Rohit Roy, Sameera 
Reddy",Action
*Police Force: An Inside Story*,Dilip Shukla,"Akshay Kumar, Raveena Tandon",Action
*Popcorn Khao! Mast Ho Jao*,Kabir Sadanand,"Akshay Kapoor, Tanisha, Yash Tonk, Reshmi Nigam",
*Raincoat*,Rituparno Ghosh,"Ajay Devgan, Aishwarya Rai",Drama
*Rakht: What If You Can See the Future*,Mahesh Manjrekar,"Sunil Shetty, Neha Dhupia, Dino Morea, Himanshu Malik, Amrita Arora, Abhishek 
Bachchan, Bipasha Basu, Sanjay Dutt",Horror
*Rok Sako To Rok Lo*,Arindam Chowdhury,"Sunny Deol, Yash Pandit",Sports Comedy
*Rudraksh*,Mani Shankar,"Sunil Shetty, Sanjay Dutt, Bipasha Basu, Isha Koppikar",Thriller
*Run*,Jeeva,"Abhishek Bachchan, Bhoomika Chawla, Ayesha Jhulka, Mahesh Manjrekar","Action, Drama, Romance"
*Shaadi Ka Laddoo*,Raj Kaushal,"Sanjay Suri, Mandira Bedi, Divya Dutta, Aashish Chaudhary",Comedy
*Shart: The Challenge*,Puri Jagannath,"Tusshar Kapoor, Gracy Singh, Amrita Arora",Action Drama
*Sheen*,Ashok Pandit,"Tarun Arora, Raj Babbar, Anoop Soni, Kiran Juneja",Romance
*Shikhaar*,Darshan Bagga,"Kanishka Sodhi, Jas Pandher",Drama
*Shukriya*,Anupam Sinha,"Anupam Kher, Aftab Shivdasani, Shriya Saran",Drama
*Silence Please...The Dressing Room*,Sanjay Srinivas,"Salil Ankola, Sonali Kulkarni, Tom Alter",Thriller
*Socha Na Tha*,Imtiaz Ali,"Ayesha Takia, Abhay Deol, Ayesha Jhulka",Romance
*Stop!*,Ajai Sinha,"Rocky Bhatia, Dia Mirza, Gauri Karnik, Ishita Sharma",Romance Drama
*Suno Sasurjee*,Vimal Kumar,"Aftab, Ameesha Patel","Romantic, Comedy"
*Swades*,Ashutosh Gowarikar,"Shahrukh Khan, Gayatri Joshi, Kishori Ballal",Drama
*Taarzan: The Wonder Car*,Abbas Mustan,"Vatsal Seth, Ayesha Takia, Ajay Devgan",Fantasy Thriller
*Thoda Tum Badlo Thoda Hum*,Esmayeel Shroff,"Arya Babbar, Shriya Saran, Ashok Saraf",Romance
*Tumsa Nahin Dekha*,Anurag Basu,"Emraan Hashmi, Diya Mirza",Romance
*Uff Kya Jaadoo Mohabbat Hai*,Manoj J. Bhatia,"Sammir Dattani, Pooja Kanwal, Sandhya Mridul, Akshay Anand",Romance
*Vaastu Shastra*,Saurab Narang,"J. D. Chakravarthy, Ahsaas Channa, Vicky Ahuja, Sushmita Sen",Horror
*Veer-Zaara*,Yash Chopra,"Shahrukh Khan, Preity Zinta, Rani Mukerji, Kiron Kher, Zohra Sehgal, Hema 
Malini, Amitabh Bachchan","Drama, Romance"
*Wajaah - A Reason to Kill*,Gautam Adhikari,"Arbaaz Khan, Shamita Shetty, Gracy Singh",Thriller
*Where's the Party Yaar?*,Benny Mathews,"Diwakar Pathak, Sunil Malhotra",Comedy
*Woh*,Raj N. Sippy,"Priyanshu Chatterjee, Cleo Issacs, Shahbaz Khan",Thriller
*Yeh Lamhe Judaai Ke*,Birendra Nath Tiwary,"Shahrukh Khan, Raveena Tandon",Drama
*Yehi Hai Zindagi*,Ajay Phansekar,"Gracy Singh, Sahil Khan, Parvin Dabbas",Drama
*Yuva*,Mani Ratnam,"Ajay Devgan, Abhishek Bachchan, Vivek Oberoi, Kareena Kapoor, Rani Mukerji, Esha 
Deol, Om Puri","Drama, Action"
*Zameer*,Kamal,"Ajay Devgan, Mahima Chaudhry, Amisha Patel",Action Drama
*3 Deewarein*,Nagesh Kukunoor,"Naseeruddin Shah, Jackie Shroff, Juhi Chawla",Drama
*88 Antop Hill*,Kushan Nandy,"Rahul Dev, Shweta Menon, Atul Kulkarni",Thriller
*Aaj Ka Andha Kanoon*,,Sudesh Berry,
*Aanch*,,"Nana Patekar, Paresh Rawal",
*Aapko Pehle Bhi Kahin Dekha Hai*,Anubhav Sinha,"Priyanshu Chatterji, Sakshi Shivanand, Om Puri, Farida Jalal",Romance
*Aisaa Kyon*,,,
*Aman Ke Farishtey*,,,
*Andaaz*,Suneel Darshan,"Akshay Kumar, Priyanka Chopra, Lara Dutta",Romance
*Armaan*,Honey Irani,"Amitabh Bachan, Anil Kapoor, Preity Zinta, Gracy Singh, Randhir Kapoor","Drama, Family"
*Baaja*,,,
*Baap Ka Baap*,,,
*Baaz: A Bird in Danger*,Tinnu Verma,"Sunil Shetty, Karisma Kapoor, Dino Morea, Jackie Shroff",Thriller
*Baghban*,Ravi Chopra,"Amitabh Bachchan, Hema Malini, Aman Verma, Samir Soni, Rimi Sen, Suman 
Ranganathan, Divya Dutta, Salman Khan, Paresh Rawal, Mahima Chaudhry",Drama
*Bas Yun Hi*,Raja Menon,"Nandita Das, Purab Kohli, Sameer Malhotra, Sandhya Shetty",Drama
*Basti*,,"Samir Soni, Faisal Khan",Action
*Bhoot*,Ram Gopal Varma,"Urmila Matondkar, Rekha, Ajay Devgan, Nana Patekar, Fardeen Khan",Horror
*Boom*,,"Amitabh Bachchan, Jackie Shroff, Katrina Kaif, Madhu Sapre, Padma Lakshmi",Thriller
*Butterfly*,,,
*The Bypass*,,,
*Calcutta Mail*,Sudhir mishra,"Anil Kapoor, Rani Mukerji, Manisha Koirala",Drama
*Chalte Chalte*,Aziz Mirza,"Shahrukh Khan, Rani Mukerji",Romance
*Chokher Bali*,,Aishwarya Rai,Drama
*Chori Chori*,Milan Luthria,"Ajay Devgan, Rani Mukerji, Sonali Bendre",Romance
*Chota Jadugar*,Jose Punnoose,"Suraj Balajee, S.P. Balasubramaniam, Tirlok Malik, Pooja Kumar",
*Chupke Se*,,"Zulfi Syed, Masumeh Makhija",
*Chura Liyaa Hai Tumne*,Sangeeth Sivan,"Zayed Khan, Esha Deol","Action, Drama, Romance, Thriller"
*Dabdaba*,,,
*Danav*,,,
*Darna Mana Hai*,,"Saif Ali Khan, Shilpa Shetty, Sameera Reddy, Vivek Oberoi, Sohail Khan, Aftab 
Shivdasani, Antara Mali, Nana Patekar, Rajpal Yadav, Isha Koppikar, Sanjay 
Kapoor","Horror, Thriller"
*Dhoop*,,"Om Puri, Revathi, Sanjay Suri",
*Dhund: The Fog*,,"Sameer Upadhyay, Aditi Gowitrikar",
*Dil Ka Rishta*,,"Arjun Rampal, Aishwarya Rai, Priyanshu Chatterjee, Isha Koppikar, Raakhee, Paresh 
Rawal","Drama, Romance"
*Dil Pardesi Ho Gayaa*,,,Romance
*Dum*,,"Vivek Oberoi, Diya Mirza, Atul Kulkarni","Action, Drama, Romance"
*Ek Alag Mausam*,,"Nandita Das, Anupam Kher",
*Ek Aur Ek Gyarah*,,"Sanjay Dutt, Govinda, Amrita Arora",Comedy
*Ek Din 24 Ghante*,Anant Balani,"Rahul Bose, Nandita Das",
*Escape from Taliban*,,Manisha Koirala,Drama
*Final Solution*,,,
*Footpath*,,"Aftab Shivdasani, Bipasha Basu, Emraan Hashmi, Rahul Dev,",Drama
*Fun 2shh: Dudes in the 10th Century*,Imtiaz Punjabi,"Gulshan Grover, Paresh Rawal, Farida Jalal",
*Gangaajal*,Prakash Jha,"Ajay Devgan, Gracy Singh",Drama
*Ganges: River to Heaven*,,,
*Guru*,,,
*Haasil*,Tigmanshu Dhulia,"Jimmy Shergill, Irrfan Khan, Hrishita Bhatt",Drama
*Hawa*,,"Tabu, Shahbaj khan",Horror
*Hawayein*,,,
*The Hero: Love Story of a Spy*,Anil Sharma,"Sunny Deol, Preity Zinta, Priyanka Chopra",Drama
*Humein Tumse Pyar Ho Gaya Chupke Chupke*,,,
*Hungama*,Priyadarshan,"Akshaye Khanna, Rimi Sen, Aftab Shivdasani, Rajpal Yadav, Paresh Rawal",Comedy
*Indian Babu*,,,
*Inteha*,,"Vidya Malvade, Ashmit Patel","Drama, Thriller"
*Ishq Vishk*,Ken Ghosh,"Shahid Kapoor, Amrita Rao",Romance
*Jaal: The Trap*,Guddu Dhanoa,"Sunny Deol, Tabu, Reema Sen",Action Romance
*Jajantaram Mamantaram*,,javed jaffari,
*Janasheen*,,"Fardeen Khan, Celina Jaitley, Firoz Khan",Thriller
*Jhankaar Beats*,,"Juhi Chawla, Rahul Bose, Rinke Khanna, Sanjay Suri, Riya Sen",Drama
*Jism*,Anurag Basu,"Bipasha Basu, John Abraham, Gulshan Grover","Drama, Romance, Thriller"
*Jodi Kya Banayi Wah Wah Ramji*,,,
*Joggers Park*,Anant Balani,"Victor Banerjee,Parijat Zorabian",
*Kaash... Hamara Dil Pagal Na Hota*,Mangal Anand,"Mukesh Ahuja, Chetan Aneja Nigel Borade",
*Kagaar: Life on the Edge*,N. Chandra,"Om Puri, Nandita Das, Amitabh Dayal",
*Kahan Ho Tum*,,,
*Kaise Kahoon Ke... Pyaar Hai*,,Sunny Deol,
*Kal Ho Naa Ho*,Nikhil Advani,"Shahrukh Khan, Saif Ali Khan, Preity Zinta, Jaya Bachchan, Sanjay Kapoor, Sonali 
Bendre","Drama, Romance, Family, Social, Comedy"
*Kash Aap Hamare Hote*,,"Juhi Babbar, Sonu Nigam",Romance
*Kaya Poochhe Maya Se*,,,
*Khanjar: The Knife*,Chander Sharma,"Sunil Shetty, Tabu",Action
*Khel*,Yusuf Khan,"Sunil Shetty, Sunny Deol, Ajay Jadeja, Celina Jaitley",Thriller
*Khushi*,,"Fardeen Khan, Kareena Kapoor, Amrish Puri",Romance
*Khwahish*,Govind Menon,"Mallika Sherawat, Himanshu Malik",Drama
*Koi... Mil Gaya*,Rakesh Roshan,"Rekha, Hrithik Roshan, Preity Zinta","Romance, Fantasy"
*Kucch To Hai*,,"Tusshar Kapoor, Esha Deol, Natassha, Yash Tonk, Rishi Kapoor, Jeetendra, Moonmoon 
Sen, Johny Lever",Thriller
*Kuch Naa Kaho*,,"Abhishek Bachchan, Aishwarya Rai, Arbaaz Khan","Drama, Romance"
*Kyon?*,,,
*Larger Than Life*,,,
*LOC Kargil*,J.P. Dutta,"Sunil Shetty, Sanjay Dutt, Ajay Devgan, Saif Ali Khan, Kareena Kapoor, Rani 
Mukerji, Abhishek Bachchan, Akshaye Khanna, Sanjay Kapoor, Manoj Bajpai, Isha 
Koppikar, Mahima Chaudhry, Karan Nath, Esha Deol, Raveena Tandon","War, Drama"
*Love at Times Square*,,Sonu Nigam,
*Maa Santoshi Maa*,,,
*Main Madhuri Dixit Banna Chahti Hoon*,,"Antara Mali, Rajpal Yadav",Comedy
*Main Prem Ki Diwani Hoon*,Sooraj R. Barjatya,"Hrithik Roshan, Kareena Kapoor, Abhishek Bachchan",Romance
*Market*,,Manisha Koirala,
*Matrubhoomi: A Nation Without Women*,,Tulip Joshi,Drama
*Miss India: The Mystery*,,,
*Mudda: The Issue*,,,
*Mumbai Matinee*,Anant Balani,"Rahul Bose,Parijat Zorabian, Anusha Dhandekar",
*Mumbai Se Aaya Mera Dost*,Apoorva Agnihotri,"Abhishek Bachchan, Lara Dutta",Drama
*Munna Bhai M.B.B.S.*,Rajkumar Hirani,"Sanjay Dutt, Arshad Warsi, Gracy Singh, Jimmy Shergill, Boman Irani, Sunil 
Dutt",Comedy
*Naag Lok*,,,
*Nayee Padosan*,,,
*October*,,,
*Om*,,,
*Oops!*,Dipak Tijori,,
*Out of Control*,,"Ritesh Deshmukh, Hrishita Bhatt, Brande Roderick, Amrish Puri","Comedy, Romance"
*Paanch*,,,
*Parwana*,,"Ajay Devgan, Amisha Patel, Pooja Batra","Action, Drama, Thriller"
*Patth*,,,
*Pehli Nazar Ka Pehla Pyaar: Love at First Sight*,,,
*Pinjar*,Chandrakant Dwivedi,"Urmila Matondkar, Manoj Bajpai, Sanjay Suri, Priyanshu Chatterjee, Isha 
Koppikar",Drama
*The Pink Mirror*,,,
*Pran Jaye Par Shaan Na Jaye*,Sanjay Manjerekar,"Aman Verma, Rinke Khanna, Raveena Tandon, Namrata Shirodkar, Dia Mirza",Comedy
*Qayamat: City Under Threat*,Harry Baweja,"Ajay Devgan, Sunil Shetty, Sanjay Kapoor, Neha Dhupia, Arbaaz Khan, Raveena 
Tandon, Isha Koppikar, Riya Sen, Aashish Chaudhary, Chunky Pandey",Thriller
*Raghu More: Bachelor of Hearts*,,,
*Raghu Romeo*,Rajat Kapoor,,
*Raja Bhaiya*,,"Govinda, Arti Chhabriya",
*Rasikan Re*,,,
"*Right Here, Right Now*",,,
*Rules: Pyaar Ka Superhit Formula*,Parvati Balagopalan,Milind Soman,
*Saaya*,,"John Abraham, Tara Sharma, Mahima Chaudhry",Drama
*Sala Bandar!*,,,
*Samay: When Time Strikes*,,"Sushmita Sen, Jackie Shroff, Sushant Singh",Thriller
*Sanatta: The Silence*,,,
*Sandhya*,,,
*Satta*,Madhur Bhandarkar,Raveena Tandon,Drama
*Satyaghath: Crime Never Pays*,Priyadarshan,"Mohanlal, Mahesh Anand, Cochin Haneefa",
*Shanti*,,,
*Sssshhh...*,,,
*Stumped*,,,
*Supari*,,"Uday Chopra, Namrata Shirodkar",
*Surya*,,,
*Tada*,Sishir Mishra,,
*Taj Mahal: A Monument of Love*,Sanjay Khan,,
*Talaash: The Hunt Begins...*,Suneel Darshan,"Akshay Kumar, Kareena Kapoor",Thriller
*Tareekh*,,,
*Tehzeeb*,Khalid Mohammad,"Urmila Matondkar, Shabana Azmi, Arjun Rampal, Rishi Kapoor, Diya Mirza, Namrata 
Shirodkar",
*Tere Naam*,Satish Kaushik,"Salman Khan, Bhoomika Chawla","Drama, Romance"
*Tu Bal Bramhachari Main Hoon Kanya Kunwari*,,,
*Tujhe Meri Kasam*,,"Ritesh Deshmukh, Genelia D'souza",Romance
*Tumse Milke Wrong Number*,,Tinnu Anand,
*Valentine Days*,,,
*Waisa Bhi Hota Hai Part II*,,"Arshad Warsi, Sandhya Mridul, Prashant Narayanan",
*Where's the Party Yaar?*,,Kal Pen,
*Xcuse Me*,N. Chandra,"Sahil Khan, Sharman Joshi, Payal Rohatgi",Comedy
*Yeh Dil*,,"Tushar Kapoor, Natassha",
*Zameen*,Rohit Shetty,"Ajay Devgan, Abhishek Bachchan, Bipasha Basu",Thriller
*16 December*,Mani Shankar,"Milind Soman, Dipannita Sharma, Gulshan Grover, Aditi Govitrikar, Sushant 
Singh",Action
*23rd March 1931: Shaheed*,Guddu Dhanoa,"Sunny Deol, Bobby Deol, Divya Dutta, Aishwarya Rai, Amrita Singh",Historical Drama
*Aakhri Inteqam*,,,
*Aankhen*,Vipul Shah,"Amitabh Bachchan, Akshay Kumar, Paresh Rawal, Arjun Rampal, Sushmita Sen, Kashmira 
Shah, Bipasha Basu","Thriller, Action"
*Aap Mujhe Achche Lagne Lage*,Vikram Bhatt,"Hrithik Roshan, Amisha Patel","Romance, Drama"
*Ab Ke Baras*,Raj Kanwar,"Amrita Rao, Arya Babbar, Ashish Vidyarthi","Romance, Drama"
*Agni Varsha*,Arjun Sajnani,"Raveena Tandon, Akkineni Nagarjuna, Prabhu Deva, Milind Soman, Jackie Shroff, 
Sonali Kulkarni, Amitabh Bachchan",Historical
*Amma*,,,
*Angaar: The Fire*,Ajay Kashyap,"Vinay Anand, Rana Jung Bahadur, Rajat Bedi, Sanober Kabir",
*Anita and Me*,Metin Hüseyin,"Kabir Bedi, Max Beesley, Sanjeev Bhaskar, Anna Brewster, Meera Syal","Comedy, Drama"
*Akhiyon Se Goli Maare*,Harmesh Malhotra,"Govinda, Raveena Tandon, Kader Khan",Comedy
*Annarth*,Ravi Dewan,"Sunil Shetty, Sanjay Dutt, Ashutosh Rana, Preeti Jhangiani, Johny Lever, Tinu 
Anand","Action, Thriller"
*Ansh: The Deadly Part*,"Om Puri, Ashutosh Rana, Abbas, Sharbani Mukherji",Action Thriller,
*Awara Paagal Deewana*,Vikram Bhatt,"Akshay Kumar, Sunil Shetty, Aftab Shivdasani, Amrita Arora, Rahul Dev, Preeti 
Jhangiani","Action, Comedy"
*Be-Lagaam*,Ram Lakhan,"Aryan Vaid, Pramod Moutho, Tanveer Zaidi",Action
*Badhaai Ho Badhaai*,Satish Kaushik,"Anil Kapoor, Shilpa Shetty, Kirti Reddy","Comedy,Drama"
*Bharat Bhagya Vidhata*,,,
*Bheeru No*,,,
*Bollywood Queen*,,,
*Bomb the System*,,,
*Chalo Ishq Ladaaye*,,"Govinda, Rani Mukerji",Comedy
*Chhal*,,,
*Chor Machaaye Shor*,Aziz Sejawal,"Shilpa Shetty, Bobby Deol, Bipasha Basu","Comedy, Romance, Crime"
*Company*,Ram Gopal Varma,"Ajay Devgan, Manisha Koirala, Vivek Oberoi, Antara Mali","Crime, Drama"
*Danger*,,,
*Darwaza*,,,
*Deewangee*,,"Urmila Matondkar, Ajay Devgan, Akshaye Khanna",Thriller
*Desh Devi*,,,
*Dhadkan*,Dharmesh Darshan,"Akshay Kumar, Sunil Shetty, Shilpa Shetty, Mahima Chaudhry","Romance, Drama, Musical"
*Devdas*,Sanjay Leela Bhansali,"Shahrukh Khan, Madhuri Dixit, Aishwarya Rai, Kiron Kher, Jackie Shroff","Romance, Drama, Musical"
*Dil Hai Tumhaara*,Kundan Shah,"Rekha, Preity Zinta, Mahima Chaudhary, Arjun Rampal, Jimmy Shergill",Family Drama
*Dil Vil Pyar Vyar*,Anant Mahadevan,"Jimmy Shergill, Sanjay Suri, Namrata Shirodkar, Madhavan, Sonali Kulkarni, Hrishita 
Bhatt","Romance, Drama"
*Durga: It's Not Just a Love Story*,,,
*Ek Aur Visphot*,,,
*Ek Chotisi Love Story*,Shashilal K. Nair,Manisha Koirala,Erotic
*Encounter: The Killing*,,,
*Filhaal*,Meghna Gulzar,"Tabu, Sushmita Sen, Sanjay Suri",Drama
*Gangobai*,,,
*Ghaav: The Wound*,Kumar Jay,"Pankaj Berry, Rahul Bhatt, Seema Biswas, Gayatri",
*Gunaah*,Amol Shetge,"Dino Morea, Bipasha Basu, Irrfan Khan","Thriller, Romance"
*Haan Maine Bhi Pyaar Kiya*,Dharmesh Darshan,"Akshay Kumar, Karisma Kapoor, Abhishek Bachchan",Drama
*Haathi Ka Anda*,,,
*Hathyar*,Mahesh Manjrekar,"Sanjay Dutt, Shilpa Shetty, Namrata Shirodkar",Drama
*Hum Hain Pyaar Mein*,,"Ram Asra, Neelima Azeem, Hemant Birje, Mohan Joshi",
*Hum Kisise Kum Nahin*,David Dhawan,"Amitabh Bachchan, Ajay Devgan, Sanjay Dutt, Aishwarya Rai","Action, Comedy"
*Hum Pyar Tumhi Se Kar Baithe*,,"Jugal Hansraj, Tina Rana",Romance
*Hum Tumhare Hain Sanam*,K. S. Adhiyaman,"Salman Khan, Shahrukh Khan, Madhuri Dixit, Atul Agnihotri, Aishwarya Rai","Drama, Romance"
*Humraaz*,Abbas-Mustan,"Bobby Deol, Akshaye Khanna, Amisha Patel",Thriller
*Inth Ka Jawab Patthar*,,,
*Jaani Dushman:Ek Anokhi Kahani*,Rajkumar Kohli,"Sunny Deol, Akshay Kumar, Sunil Shetty, Sonu Nigam, Arshad Warsi, Aftab 
Shivdasani, Manisha Koirala",Fantasy
*Jackpot Do Karode*,,,
*Jeena Sirf Merre Liye*,Satish Kaushik,"Tusshar Kapoor, Kareena Kapoor, Mallika Sherawat",Romance
*Junoon*,,"Shilpa Shetty, Chandrachur Singh, Sonali Kulkarni",
*Kaaboo*,,"Rajat Bedi, Sudesh Berry, Mushtaq Khan, Inder Kumar, Sayaji Shinde, Shweta 
Menon",Action
*Kaante*,Sanjay Gupta,"Amitabh Bachchan, Sanjay Dutt, Sunil Shetty, Mahesh Manjrekar, Lucky Ali, Kumar 
Gaurav, Lisa Ray, Isha Koppikar, Malaika Arora, Rati Agnihotri","Action, Thriller"
*Kabhie Tum Kabhie Hum*,,,
*Kali Salwaar*,,,
*Karz: The Burden of Truth*,Harry Baweja,"Sunny Deol, Sunil Shetty, Shilpa Shetty","Action, Thriller"
*Kehtaa Hai Dil Baar Baar*,Rahul Dholakia,"Jimmy Shergill, Kim Sharma, Paresh Rawal",
*Khalnayakon Ka Khalnayak*,,,
*Kitne Door Kitne Paas*,,"Fardeen Khan, Amrita Arora, Sonali Kulkarni",
*Koi Mere Dil Se Poochhe*,Boney Kapoor,"Jaya Bachchan, Esha Deol, Aftab Shivdasani, Sanjay Kapoor, Anupam Kher","Drama, Romance, Social"
*Kranti*,,"Bobby Deol, Amisha Patel",
*Kuch Tum Kaho Kuch Hum Kahein*,,"Fardeen Khan, Richa Pallod",Romance
*Kya Yehi Pyaar Hai*,,"Amisha Patel, Aftab Shivdasani, Jackie Shroff",
*Kyaa Dil Ne Kahaa*,,"Tusshar Kapoor, Esha Deol",Romance
*Kuch Dil Ne Kaha*,,"Rakesh Bapat, Reema Sen",Romance
*Lal Salaam*,Gaganvihari Borate,"Nandita Das, Sharad Kapoor, Makrand Deshpande, Vijay Raaz",
*The Legend of Bhagat Singh*,Rajkumar Santoshi,"Ajay Devgan, Amrita Rao, Sushant Singh","Historical, Drama"
*Leitin að Rejeev*,,,
*Maa Tujhhe Salaam*,,"Sunny Deol, Tabu, Arbaaz Khan",Drama
*Mahima Kaali Maa Ki*,,,
*Maine Dil Tujhko Diya*,Sohail Khan,"Sohail Khan, Sameera Reddy, Sanjay Dutt, Kabir Bedi","Action, Romance"
*Makdee*,Vishal Bhardwaj,"Shabana Azmi, Makarand Deshpande",
*Maseeha*,Partho Ghosh,"Sunil Shetty, Namrata Shirodkar",Action
*Mere Yaar Ki Shaadi Hai*,Sanjay Gadhvi,"Uday Chopra, Bipasha Basu, Tulip Joshi, Jimmy Shergill",Romance
"*Mitr, My Friend*",Revathi,"Shobhana, Matt Phillips",Drama
*Mujhse Dosti Karoge!*,Kunal Kohli,"Hrithik Roshan, Rani Mukerji, Kareena Kapoor",Romance
*Mulaqaat*,,"Vinay Anand, Arun Bakshi, Rita Bhaduri, Milind Gunaji",
*Na Tum Jaano Na Hum*,Arjun Sablok,"Saif Ali Khan, Hrithik Roshan, Esha Deol",Romance
*Namaste: Say Hello to Love*,,,
*Nishad*,,,
*Om Jai Jagadish*,Anupam Kher,"Waheeda Rehman, Anil Kapoor, Fardeen Khan, Abhishek Bachchan, Mahima 
Chaudhry, Urmila Matondkar, Tara Sharma","Family, Drama"
*Pitaah*,,"Sanjay Dutt, Nandita Das, Jackie Shroff, Om Puri",
*Pratha*,,,
*Pyaar Diwana Hota Hai*,,"Govinda, Rani Mukerji",Romance
*Pyaar Ki Dhun*,,,
*Pyaasa*,,"Yukta Mookhey, Aftab Shivdasani","Action, Crime"
*Raaz*,,"Bipasha Basu, Dino Morea",Horror
*Rishtey*,,"Anil Kapoor, Karisma Kapoor, Shilpa Shetty",Drama
*Road*,,"Vivek Oberoi, Antara Mali, Manoj Bajpai",Thriller
*Saathiya*,Shaad Ali,"Vivek Oberoi, Rani Mukerji, Shah Rukh Khan, Tabu","Drama, Romance, Social"
*Shakti - The Power*,Boney Kapoor,"Karisma Kapoor, Nana Patekar, Sanjay Kapoor, Shahrukh Khan",Drama
*Shararat*,,"Abhishek Bachchan, Hrishita Bhatt","Comedy, Drama"
*Soch*,,"Sanjay Kapoor, Arbaaz Khan, Raveena Tandon",
*Sur: The Melody of Life*,Tanuja Chandra,"Lucky Ali, Gauri Karnik",Musical
*Swaraaj*,,,
*Tere Pyaar Ki Kasam*,Mahesh Manjrekar,"Sanjay Dutt, Sunil Shetty, Mahima Chaudhry, Hrishita Bhatt, Kabir Bedi, Om 
Puri",
"*Truth Yathharth, The*",,,
*Tum Jiyo Hazaron Saal*,Ramesh Puri,Pran,
*Tumko Na Bhool Paayenge*,,"Salman Khan, Dia Mirza, Sushmita Sen",Drama
*Tumse Achcha Kaun Hai*,,"Rati Agnihotri, Aarti Chabria, Ali Asghar",
*Vadh*,,"Nana Patekar, Anupama Verma, Puru Raajkumar, Nakul",
*Waah! Tera Kya Kehna*,,"Govinda, Raveena Tandon, Preeti Jhangiani",
*Yeh Dil Aashiqanaa*,Kuku Kohli,"Karan Nath, Jividha Sharma",
*Yeh Hai Jalwa*,David Dhawan,"Rishi Kapoor, Salman Khan, Amisha Patel, Rinke Khanna, Rati Agnihotri, Sanjay 
Dutt, Anupam Kher",Comedy
*Yeh Kaisi Mohabbat*,,,
*Yeh Kya Ho Raha Hai?*,Hansal Mehta,"Prashant Chianani, Aamir Ali, Vaibhav Jhalani, Yash Pandit, Payal Rohatgi","Comedy, Romance"
*Yeh Mohabbat Hai*,,"Rahul Bhatt, Johnny Lever",
*Zindagi Khoobsoorat Hai*,Manoj Punj,"Gurdas Maan, Tabu, Divya Dutta, Rajat Kapoor",
*Abhay*,Suresh Krishna,"Kamal Hassan, Manisha Koirala, Raveena Tandon",Thriller
*Aamdani Atthani Kharcha Rupaiyaa*,K. Raghavendra Rao,"Govinda, Juhi Chawla, Johnny Lever, Tabu, Isha Koppikar",Family Drama
*Aashiq*,Indra Kumar,"Bobby Deol, Karisma Kapoor",Action comedy
*Afsana Dilwalon Ka*,J. Om Prakash,"Rahul Roy, Ashish Kaul, Juni",Romance
*Ajnabee*,Abbas Mustan,"Bobby Deol, Akshay Kumar, Kareena Kapoor, Bipasha Basu","Thriller, Suspense, Crime"
*Aks*,Rakeysh Omprakash Mehra,"Amitabh Bachchan, Raveena Tandon, Manoj Bajpai, Nandita Das","Thriller, Horror"
*Albela*,Deepak Sareen,"Govinda, Aishwarya Rai, Namrata Shirodkar, Jackie Shroff",Romance
*Asoka*,Santosh Sivan,"Shahrukh Khan, Ajith, Kareena Kapoor",History
*Avgat*,Mohan Sharma,"Ajinkya Dev, Nethra Raghuraman, Sayaji Shinde, Rohini Hattangadi",Drama
*Ayurveda: Art of Being*,,,
*Bas Itna Sa Khwaab Hai*,Goldie Behl,"Abhishek Bachchan, Rani Mukerji, Sushmita Sen, Jackie Shroff","Drama, Romance, Social"
*Bengal Tiger*,,"Mithun Chakraborty, Shakti Kapoor",Action
*Bhago Boot*,,,
*Bhairav*,,Mithun Chakraborty,
*Bollywood Bound*,,,
*Bombay Eunuch*,,,
*Bombay Girls*,,,
*Censor*,,,
*Chandni Bar*,Madhur Bhandarkar,"Tabu, Atul Kulkarni",Drama
*Chhupa Rustam: A Musical Thriller*,Aziz Sejawal,"Sanjay Kapoor, Mamta Kulkarni, Manisha Koirala",Thriller
*Choo Lenge Akash*,Virendra Saini,"Puru Chibber, Pankaj Jha, Parikshat Sahni, Abhishek Sharma",Drama
*Chori Chori Chupke Chupke*,Abbas Mustan,"Salman Khan, Rani Mukerji, Preity Zinta","Drama, Romance"
*Daman: A Victim of Marital Violence*,Kalpana Lajmi,"Raveena Tandon, Raima Sen, Sanjay Suri, Sayaji Shinde",Drama
*Dattak*,Gul Bahar Singh,"Rajit Kapoor, Anjan Srivastav, A. K. Hangal, Kruttika Desai",
*Daughters of This Century*,,,
*Deewaanapan*,,"Arjun Rampal, Diya Mirza","Drama, Romance"
*Devi Durga Shakti*,,,
*Dil Chahta Hai*,Farhan Akhtar,"Aamir Khan, Saif Ali Khan, Akshaye Khanna, Preity Zinta, Dimple Kapadia, Sonali 
Kulkarni","Comedy, Romance, Drama"
*Dil Ne Phir Yaad Kiya*,,"Govinda, Tabu, Pooja Batra",Romance
*Divya Drishti*,,,
*Ehsaas: The Feeling*,,"Sunil Shetty, Neha",Drama
*Ek Rishtaa: The Bond of Love*,Suneel Darshan,"Amitabh Bachchan, Raakhee, Akshay Kumar, Karisma Kapoor, Juhi Chawla",Family drama
*Farz*,Raj Kanwar,"Sunny Deol, Preity Zinta","Action, Romance"
*Gadar: Ek Prem Katha*,Anil Sharma,"Sunny Deol, Amisha Patel, Amrish Puri","Drama, War"
*Grahan*,Shashilal K. Nair,"Jackie Shroff, Manisha Koirala, Anupama Verma",Romance
*Gumnam Qatil*,,,
*Guru Mahaaguru*,,,
*Hadh: Life on the Edge of Death*,,,
*Hello Girls*,,,
*Hum Deewane Pyar Ke*,,,
*Hum Ho Gaye Aapke*,,"Fardeen Khan, Reema Sen",Romance
*Husn Ke Lootere*,,,
*Indian*,N. Maharajan,"Sunny Deol, Shilpa Shetty, Malaika Arora Khan",Action
*Inteqam*,,,
*Ittefaq*,Sanjay Khanna,"Sunil Shetty, Pooja Batra","Action, Drama, Thriller"
*Jang Aur Aman*,,,
*Jeetenge Hum*,,,
*Jodi No.1*,,"Sanjay Dutt, Govinda, Twinkle Khanna, Monica Bedi",Comedy
*Kabhi Khushi Kabhie Gham*,Karan Johar,"Amitabh Bachchan, Jaya Bachchan, Shahrukh Khan, Kajol, Hrithik Roshan, Kareena 
Kapoor, Rani Mukerji",Family/Drama
*Kasam*,Shibu Mitra,"Sunny Deol, Neelam, Chunky Pandey",Action
*Kasoor*,Vikram Bhatt,"Lisa Ray, Aftab Shivdasani, Divya Dutta",Thriller
*Kuch Khatti Kuch Meethi*,Rahul Rawail,"Sunil Shetty, Kajol, Rishi Kapoor, Rati Agnihotri","Comedy, Drama"
*Kyo Kii Main Jhuth Nahin Bolta*,David Dhawan,"Govinda, Sushmita Sen","Comedy, Romance"
*Lagaan: Once Upon a Time in India*,Ashutosh Gowariker,"Aamir Khan, Gracy Singh, Rachel Shelley, Toby Stephens","Drama, Musical"
*Lagi Shaarth*,,,
*Lajja*,Rajkumar Santoshi,"Manisha Koirala, Rekha, Madhuri Dixit, Jackie Shroff, Anil Kapoor, Mahima 
Chaudhry, Ajay Devgan","Drama, Romance, Musical, Crime"
*Love Ke Liye Kuchh Bhi Karega*,E. Niwas,"Saif Ali Khan, Fardeen Khan, Aftab Shivdasani, Twinkle Khanna, Sonali Bendre",Comedy
*Master*,,,
*Maya*,,,
*Mitti*,,,
*Moksha: Salvation*,,"Manisha Koirala, Arjun Rampal",Drama
*Mujhe Kucch Kehna Hai*,Satish Kaushik,"Tusshar Kapoor, Kareena Kapoor, Rinke Khanna",Comedy
*Mujhe Meri Biwi Se Bachaao*,Harry Baweja,"Naseeruddin Shah, Rekha, Arshad Warsi, Suman Ranganathan","Comedy, Family"
*Nayak: The Real Hero*,S. Shankar,"Anil Kapoor, Rani Mukerji, Paresh Rawal, Amrish Puri, Johny Lever",Drama
*Officer*,Naeem Sha,"Sunil Shetty, Raveena Tandon",Action
*One 2 Ka 4*,Shashilal K. Nair,"Shahrukh Khan, Juhi Chawla, Jackie Shroff","Action, Romance"
*Paagalpan*,Aruna Irani,"Karan Nath, Aarti Agarwal",Romance
*Pyaar Ishq Aur Mohabbat*,,"Sunil Shetty, Arjun Rampal, Aftab Shivdasani, Isha Koppikar, Kirti Reddy",Romance
*Pyaar Tune Kya Kiya*,Rajat Mukherjee,"Urmila Matondkar, Fardeen Khan, Sonali Kulkarni","Drama, Romance, Thriller"
*Pyaar Zindagi Hai*,,,
*Rahul*,,"Neha, Jatin Grewal, Rajeshwari Sachdev",Drama
*Rehnaa HaiTerre Dil Mein*,Gautham Menon,"Saif Ali Khan, Dia Mirza, R. Madhavan",Romance
*Shaadicom*,,,
*Shere Punjab*,Sunny Deol,Mallika Sherawat,
*Shirdi Sai Baba*,,,
*Style*,,"Sahil Khan, Sharman Joshi, Riya Sen",Romance
*Tamboo Mein Bamoo*,,,
*Tera Mera Saath Rahen*,,"Ajay Devgan, Sonali Bendre, Namrata Shirodkar",Drama
*Tum Bin - Love Will Find a Way*,Anubhav Sinha,"Priyanshu Chatterjee, Himanshu Malik, Sandali Sinha",Romance
*Uljhan*,Rajan Johri,"Puru Raajkumar, Dipti Bhatnagar, Kanchan",
*Valon Ja Varjon Huoneet*,,,
*Veer Savarkar*,,,
*The Warrior*,,Irrfan Khan,
*Yaadein*,Subhash Ghai,"Hrithik Roshan, Kareena Kapoor, Jackie Shroff, Amrish Puri","Romance, Drama"
*Yeh Raaste Hain Pyaar Ke*,Deepak S. Shivdasani,"Ajay Devgan, Madhuri Dixit, Preity Zinta, Sunny Deol",Drama
*Yeh Teraa Ghar Yeh Meraa Ghar*,Priyadarshan,"Sunil Shetty, Mahima Chaudhry",Drama
*Yeh Zindagi Ka Safar*,,"Amisha Patel, Jimmy Shergill",
*Zubeidaa*,Shyam Benegal,"Karisma Kapoor, Rekha, Manoj Bajpai, Amrish Puri, Lilette Dubey",Drama
*Aaghaaz*,Yogesh Ishwar,"Suniel Shetty, Sushmita Sen, Namrata Shirodkar",Thriller
*Aaj Ka Ravan*,Imran Khalid,"Kasam Ali, Mithun Chakraborty",Drama
*Anjaane*,Ravi Rai,Raveena Tandon,
*Anokha Moti*,Anshul Singla,"Sanjay Sharma, Arjun Chakraborty, Nayab Aftab",Family
*Apradhi Kaun*,Mohan Bhakri,"Ishrat Ali, Shagufta Ali",Thriller
*Astitva*,Mahesh Manjrekar,"Tabu, Sachin Khedekar, Smita Jaykar, Mohnish Bahl","Drama, Social"
*Baaghi*,Rajesh Kumar Singh,"Sanjay Dutt, Manisha Koirala",Action
*Badal*,Raj Kanwar,"Bobby Deol, Rani Mukerji","Action, Drama"
*Bas Yaari Rakho*,Gopi Desai,"Pooja Batra, Seema Biswas",Comedy/Drama
*Bawandar*,Jag Mundhra,"Nandita Das, Rahul Khanna",Drama
*Beti No.1*,Rama Rao Tatineni,"Govinda, Rambha",Comedy
*Bhai Thakur*,,Dharmendra,Action
*Bichhoo*,Guddu Dhanoa,"Bobby Deol, Rani Mukerji, Malaika Arora",Action
*Billa No. 786*,Imran Khalid,Mithun Chakraborty,Action
*Bulandi*,Rama Rao Tatineni,"Rajinikanth, Rekha, Anil Kapoor, Raveena Tandon",Drama
*Chal Mere Bhai*,David Dhawan,"Sanjay Dutt, Salman Khan, Karisma Kapoor, Twinkle Khanna, Sonali Bendre, Shakti 
Kapoor, Dalip Tahil",Comedy
*Champion*,Padam Kumar,"Sunny Deol, Manisha Koirala","Action, Drama"
*Cover Story*,G.S. Vijayan,"Tabu, Suresh Gopi","Action, Drama"
*Dahshat*,Tulsi Ramsay,"Sarika, Navin Nischol",Horror
*Deewane*,Harry Baweja,"Ajay Devgan, Urmila Matondkar, Mahima Chaudhry",Action/Romance
*Dhaai Akshar Prem Ke*,Raj Kanwar,"Abhishek Bachchan, Aishwarya Rai","Romance, Drama"
*Dhadkan*,Dharmesh Darshan,"Akshay Kumar, Suniel Shetty, Shilpa Shetty","Romance, Drama"
*Dil Hi Dil Mein*,Kathir,"Sonali Bendre, Kunal",Romance
*Dil Ki Dhadkan*,,Rambha,
*Dil Pe Mat Le Yaar*,Hansal Mehta,"Manoj Bajpai, Tabu",Drama
*Dr. Babasaheb Ambedkar*,Jabbar Patel,"Mammootty, Sonali Kulkarni",
*Dr Mukta*,,,
*Dulhan Hum Le Jayenge*,David Dhawan,"Salman Khan, Karisma Kapoor","Comedy, Romance"
*Fiza*,Khalid Mohammed,"Jaya Bachchan, Karisma Kapoor, Hrithik Roshan",Drama
*Gaja Gamini*,M.F. Hussain,"Madhuri Dixit, Shabana Azmi, Shilpa Shirodkar, Naseeruddin Shah, Shah Rukh 
Khan",Drama
*Gang*,Mazhar Khan,"Juhi Chawla, Nana Patekar, Jackie Shroff",Crime
*Ghaath*,Akashdeep,"Raveena Tandon, Tabu, Manoj Bajpai",Drama
*Hadh Kar Di Aapne*,Manoj Agrawal,"Govinda, Rani Mukerji","Comedy, Romance"
*Hamara Dil Aapke Paas Hai*,Satish Kaushik,"Anil Kapoor, Aishwarya Rai, Sonali Bendre",Drama
*Har Dil Jo Pyar Karega*,Raj Kanwar,"Salman Khan, Preity Zinta, Rani Mukerji, Shahrukh Khan","Comedy, Drama, Romance"
*Hari-Bhari*,*Shyam Benegal*,"Shabana Azmi, Rajit Kapur, Rajeshwari Sachdev, Surekha Sikri, Nandita Das",
*Hera Pheri*,Priyadarshan,"Akshay Kumar, Suniel Shetty, Tabu, Paresh Rawal",Comedy
*Hey Ram*,Kamal Hassan,"Kamal Hassan, Shah Rukh Khan, Rani Mukerji, Vasundhara Das, Hema Malini, Girish 
Karnad, Om Puri",Drama
*Hum To Mohabbat Karega*,Kundan Shah,"Bobby Deol, Karisma Kapoor",Action/Romance
*Jallad No 1*,Kanti Shah,Dharmendra,Drama
*Jis Desh Mein Ganga Rehta Hain*,Mahesh Manjrekar,"Govinda, Sonali Bendre, Rinke Khanna",Drama
*Joru Ka Ghulam*,Shakeel Noorani,"Govinda, Twinkle Khanna",Drama
*Josh*,Mansoor Khan,"Shahrukh Khan, Chandrachur Singh, Aishwarya Rai, Priya Gill, Sharad Kapoor",Action/Romance
*Jung*,Sanjay Gupta,"Sanjay Dutt, Shilpa Shetty, Raveena Tandon, Jackie Shroff",Drama
*Jungle*,Ram Gopal Verma,"Urmila Matondkar, Fardeen Khan, Sunil Shetty",Romance
*Kabrastan*,Ramesh U. Lakhiani,,Horror
*Kahin Pyaar Na Ho Jaaye*,K. Muralimohana Rao,"Salman Khan, Rani Mukerji, Jackie Shroff, Raveena Tandon, Pooja Batra","Comedy, Romance"
*Kaho Naa... Pyaar Hai*,Rakesh Roshan,"Hrithik Roshan, Amisha Patel, Anupam Kher",Romance
*Kairee*,Amol Palekar,"Atul Kulkarni, Yogita Deshmukh, Shilpa Navalkar",Drama
*Karobaar: The Business of Love*,Rakesh Roshan,"Rishi Kapoor, Anil Kapoor, Juhi Chawla",Drama
*Kharidaar*,Papu Bahruz,"Kishore Anand Bhanushali, Mushtaq Khan, Anil Nagrath, Amit Pachori",
*Khauff*,Sanjay Gupta,"Sanjay Dutt, Manisha Koirala, Simran",Drama
*Khiladi 420*,Neeraj Vora,"Akshay Kumar, Mahima Chaudhry, Antara Mali","Action, Romance"
*Krodh*,Ashok Honda,"Suniel Shetty, Rambha",Action
*Kunwara*,David Dhawan,"Govinda, Urmila Matondkar",Comedy
*Kurukshetra*,Mahesh Manjrekar,"Sanjay Dutt, Mahima Chaudhry","Action, Romance"
*Kya Kehna*,Kundan Shah,"Saif Ali Khan, Preity Zinta, Chandrachur Singh, Farida Jalal, Anupam Kher","Romance, Drama"
*Le Chal Apne Sang*,Vijay Kondke,"Nishanth, Alok Nath, Beena Banerjee",Romance
*Lekroo*,Shrabani Deodhar,"Sania Jhankar, Nimish Kathale, Sachin Khedekar, Mrinal Kulkarni",
*Mela*,Dharmesh Darshan,"Aamir Khan, Twinkle Khanna, Faisal Khan, Aishwarya Rai, Johny Lever",Drama
*Meri Jung Ka Elaan*,Kanti Shah,Dharmendra,Drama
*Mission Kashmir*,Vidhu Vinod Chopra,"Sanjay Dutt, Hrithik Roshan, Preity Zinta, Jackie Shroff, Sonali Kulkarni","Drama, War"
*Mohabbatein*,Aditya Chopra,"Amitabh Bachchan, Prince Mubashar, Aishwarya Rai, Uday Chopra, Shamita 
Shetty, Kim Sharma, Jimmy Shergill, Preeti Jhangiani, Jugal Hansraj","Drama, Musical, Romance"
*Nidaan*,Mahesh Manjrekar,"Shivaji Satam, Reema Lagoo, Nisha Bains, Sunil Barve",Drama
*Officer*,,"Sunil Shetty, Raveena Tandon",
*Papa the Great*,K. Bhagyaraj,"Krishna Kumar, Nagma",Family
*Phir Bhi Dil Hai Hindustani*,Aziz Mirza,"Shahrukh Khan, Juhi Chawla, Paresh Rawal, Johny Lever, Dalip Tahil, Satish 
Shah, Sharat Saxena","Comedy, Drama, Romance, War"
*The Prince of Light*,Yugo Sako,"Bryan Cranston, Edie Mirman, Tom Wyner, Richard Cansino",
*Pukar*,Rajkumar Santoshi,"Anil Kapoor, Madhuri Dixit, Namrata Shirodkar",Drama
*Raja Ko Rani Se Pyar Ho Gaya*,T.K. Rajeev Kumar,"Manisha Koirala, Arvind Swamy","Comedy, Musical"
*Raju Chacha*,Anil Devgan,"Ajay Devgan, Kajol, Rishi Kapoor, Sanjay Dutt",Comedy
*Refugee*,J. P. Dutta,"Abhishek Bachchan, Kareena Kapoor, Sunil Shetty, Jackie Shroff, Anupam Kher","Drama, Romance"
*The Revenge: Geeta Mera Naam*,Dilip Gulati,"Birbal, Dharmendra, Jack Gaud, Ali Khan",
*Saanjh*,Sabrina Dhawan,"Nandita Das, Sharda Desoares, Arjun Raina, Rahul Vohra",
*Sanam Tere Hain Hum*,Jayanth C. Paranji,"Nagarjuna Akkineni, Kirti Reddy, Aishwarya Rai, Anjala Zaveri",Romance
*Second Generation*,,,
*Shaheed Udham Singh*,Chitraarth,"Gurdas Maan, Raj Babbar",Drama
*Shikaar*,Bobby Raj,"Abhishek Kapoor, Vikas Bhalla, Ayesha Jhulka, Anupam Kher",
*Shikari*,N. Chandra,"Govinda, Karishma Kapoor, Tabu","Thriller, Action, Romance"
*Snip!*,Sunil Sippy,"Sohrab Ardeshir, Nikhil Chinappa, Makrand Deshpande, Vekeana Dhillon",
*Split Wide Open*,Dev Benegal,"Rahul Bose, Laila Rouass, Shivaji Satam, Ayesha Dharker",
*Sultaan*,,Vikas Anand,
*Tapish*,Jay Prakash,"Tara Deshpande, Ellora Patnaik, Parvin Dabas, Gajendra Chouhan",
*Tarkieb*,Esmayeel Shroff,"Milind Soman, Nana Patekar, Tabu, Shilpa Shetty","Suspense, Thriller"
*Tera Jadoo Chal Gayaa*,A. Muthu,"Abhishek, Kirti Reddy, Sanjay Suri",Romance
*Tere Liye*,Sanjay Gadhvi,"Imran Ahmed Khan, Sonali Khare, Neelu Kohli, Hiten Paintal",
*Tune Mera Dil Le Liyaa*,B.B. Bhalla,"Raveena Tandon, Naseeruddin Shah, Rahul Roy, Shakti Kapoor",
*Zindagi Zindabad*,"Sumitra Bhave, Sunil Sukthankar","Mita Vasisht, Milind Gunaji, Uttara Baokar, Abhiram Bhadkamkar",
